,OECD Lead Ind,BLS Employ Diff,ISM Mfg,ISM Serv,Chicago PMI,Philly Fed,Philly Fed: New Orders,Richmond Fed,UoM,Conf Board,NFIB,NAHB,CPI,Core CPI,PPI,NFIB: Higher Prices,ISM Mfg: Prices,ISM Serv: Prices,Philly Fed: Px Pd
2000-01-31,101.3735,65.4,56.7,56.6,58.9,11.3,21.2,10.0,112.0,144.7,103.4,69.0,2.7,2.0,2.5,10.0,72.4,61.4,44.9
2000-02-29,101.3097,62.0,55.8,56.2,56.9,14.5,37.7,18.0,111.3,140.8,101.0,68.0,3.2,2.2,4.0,10.0,71.6,66.5,56.4
2000-03-31,101.2141,63.0,54.9,57.4,56.1,19.4,17.6,6.0,107.1,137.1,101.7,64.0,3.8,2.4,4.3,16.0,78.7,68.6,38.4
2000-04-30,101.0957,59.4,54.7,58.0,56.2,10.0,7.2,5.0,109.2,137.7,100.4,63.0,3.1,2.3,3.6,15.0,71.2,65.0,32.2
2000-05-31,100.949,46.0,53.2,57.7,53.3,13.9,8.3,17.0,110.7,144.7,100.0,63.0,3.2,2.4,3.7,13.0,65.7,64.2,38.8
2000-06-30,100.783,60.4,51.4,56.9,53.5,2.6,17.6,9.0,106.4,139.2,98.4,58.0,3.7,2.5,4.4,16.0,62.9,65.0,40.8
2000-07-31,100.5984,64.4,52.5,55.3,52.7,4.7,24.7,5.0,108.3,143.0,101.4,59.0,3.7,2.5,4.3,14.0,63.4,62.1,34.2
2000-08-31,100.3805,54.2,49.9,57.6,47.1,17.1,11.8,7.0,107.3,140.8,101.7,60.0,3.4,2.6,3.4,10.0,58.1,59.2,35.8
2000-09-30,100.1265,53.6,49.7,56.7,50.2,5.5,27.6,8.0,106.8,142.5,101.1,60.0,3.5,2.6,3.5,13.0,58.4,62.1,45.2
2000-10-31,99.8194,57.0,48.7,56.7,47.9,1.8,16.4,5.0,105.8,135.8,99.3,62.0,3.4,2.5,3.7,14.0,57.7,63.7,35.7
2000-11-30,99.4694,57.4,48.5,56.2,43.2,7.1,12.4,-7.0,107.6,132.6,99.4,63.0,3.4,2.6,3.8,13.0,58.1,60.9,44.4
2000-12-31,99.0919,56.8,43.9,54.0,45.8,-7.8,4.3,1.0,98.4,128.6,96.7,57.0,3.4,2.6,3.6,12.0,59.8,63.5,28.7
2001-01-31,98.7471,51.0,42.3,51.6,42.0,-36.6,5.6,-11.0,94.7,115.7,96.4,52.0,3.7,2.6,4.8,10.0,64.6,61.8,26.4
2001-02-28,98.4824,46.0,42.1,51.3,41.4,-29.4,15.2,-13.0,90.6,109.2,98.5,58.0,3.5,2.7,4.0,8.0,55.6,58.1,18.6
2001-03-31,98.3112,49.0,43.1,50.7,35.3,-20.5,26.2,-28.0,91.5,116.9,98.4,60.0,2.9,2.7,3.0,9.0,49.9,55.8,24.2
2001-04-30,98.2248,32.2,42.7,48.3,39.5,-10.7,31.2,-15.0,88.4,109.9,98.1,59.0,3.3,2.6,3.7,8.0,48.0,53.8,25.0
2001-05-31,98.1978,40.0,41.3,49.0,37.5,-11.8,36.6,-21.0,92.0,116.1,99.1,58.0,3.6,2.5,3.9,11.0,45.1,58.5,13.5
2001-06-30,98.1743,40.0,43.2,50.1,41.6,-7.0,48.9,-23.0,92.6,118.9,97.6,59.0,3.2,2.7,2.6,8.0,42.8,54.5,17.3
2001-07-31,98.1291,37.6,43.5,48.1,39.3,-12.6,39.6,-1.0,92.4,116.3,98.8,57.0,2.7,2.7,1.4,5.0,39.9,49.9,19.0
2001-08-31,98.0651,40.0,46.3,46.9,43.0,-18.1,43.9,-8.0,91.5,114.0,101.3,59.0,2.7,2.7,2.0,7.0,35.0,48.9,18.6
2001-09-30,98.0237,37.2,46.2,49.5,47.1,-8.2,42.3,-8.0,81.8,97.0,96.2,55.0,2.6,2.6,1.6,4.0,36.6,50.2,9.1
2001-10-31,98.076,36.0,40.8,44.8,44.8,-23.6,49.8,-15.0,82.7,85.3,96.2,46.0,2.1,2.6,-0.3,1.0,33.3,43.4,10.8
2001-11-30,98.2483,36.8,44.1,48.2,42.6,-17.7,42.2,-27.0,83.9,84.9,99.1,48.0,1.9,2.8,-1.2,-3.0,32.0,41.3,13.1
2001-12-31,98.5189,38.2,45.3,49.7,42.8,-11.0,40.7,-13.0,88.8,94.6,100.3,55.0,1.6,2.7,-1.6,-4.0,33.2,42.3,14.7
2002-01-31,98.8321,38.4,47.5,48.9,44.9,10.5,57.1,-1.0,93.0,97.8,100.6,58.0,1.1,2.6,-2.7,-2.0,43.9,48.8,23.5
2002-02-28,99.1289,39.8,50.7,52.7,50.5,11.1,54.6,7.0,90.7,95.0,100.4,58.0,1.1,2.6,-2.6,-2.0,41.5,47.6,17.9
2002-03-31,99.3521,37.4,52.4,52.8,55.9,12.2,53.8,10.0,95.7,110.7,104.2,62.0,1.5,2.4,-1.6,1.0,51.9,49.2,30.7
2002-04-30,99.4451,36.8,52.4,53.5,55.2,12.6,54.0,15.0,93.0,108.5,101.8,61.0,1.6,2.5,-2.1,1.0,60.3,53.7,33.1
2002-05-31,99.3881,42.2,53.1,54.8,57.6,10.1,58.6,4.0,96.9,110.3,101.9,61.0,1.2,2.5,-2.9,0.0,63.0,55.2,33.0
2002-06-30,99.1896,46.4,53.6,52.5,57.1,20.4,45.3,1.0,92.4,106.3,102.6,61.0,1.1,2.3,-2.3,3.0,65.5,53.1,35.2
2002-07-31,98.9031,43.4,50.2,50.4,53.0,5.9,51.0,-3.0,88.1,97.4,99.8,61.0,1.5,2.2,-1.2,1.0,68.3,60.5,33.6
2002-08-31,98.5968,44.6,50.3,50.9,54.4,-1.3,41.8,-2.0,87.6,94.5,101.3,55.0,1.8,2.4,-1.5,2.0,61.5,55.1,33.3
2002-09-30,98.3124,41.8,50.5,52.3,51.5,4.4,40.5,-9.0,86.1,93.7,101.0,63.0,1.5,2.2,-1.8,3.0,62.5,53.4,35.3
2002-10-31,98.0883,44.4,49.0,51.4,45.7,-7.6,45.6,-4.0,80.6,79.6,100.3,61.0,2.0,2.2,0.7,5.0,58.3,56.1,36.1
2002-11-30,97.9402,42.0,48.5,52.9,53.9,7.4,42.0,1.0,84.2,84.9,101.6,62.0,2.2,2.0,1.0,3.0,55.7,57.6,16.7
2002-12-31,97.8408,35.8,51.6,52.3,53.4,7.2,46.1,-6.0,86.7,80.7,98.5,63.0,2.4,1.9,1.2,1.0,56.9,56.5,24.4
2003-01-31,97.7685,47.4,51.3,53.3,54.0,5.5,39.8,2.0,82.4,78.8,99.0,62.0,2.6,1.9,2.5,1.0,57.5,58.0,17.0
2003-02-28,97.7346,37.8,48.8,52.6,53.4,-1.6,33.1,-14.0,79.9,64.8,96.2,63.0,3.0,1.7,3.3,2.0,65.5,60.5,28.4
2003-03-31,97.7716,34.6,46.3,49.1,49.7,-3.9,47.0,-13.0,77.6,61.4,95.3,56.0,3.0,1.7,4.0,-1.0,70.0,59.4,37.2
2003-04-30,97.9072,41.6,46.1,50.1,47.0,-6.6,48.4,-13.0,86.0,81.0,99.6,55.0,2.2,1.5,2.4,-1.0,63.5,55.7,19.4
2003-05-31,98.1349,43.8,49.0,52.8,50.2,-0.6,50.6,-19.0,92.1,83.6,99.7,60.0,2.1,1.6,2.5,1.0,51.5,50.0,29.2
2003-06-30,98.4269,35.6,49.0,54.3,55.0,3.7,58.1,1.0,89.7,83.5,102.2,63.0,2.1,1.5,2.9,-2.0,56.5,52.3,21.2
2003-07-31,98.7688,39.2,51.0,57.3,54.5,7.7,60.2,-11.0,90.9,77.0,100.9,65.0,2.1,1.5,3.0,0.0,53.0,51.4,23.2
2003-08-31,99.1494,41.8,53.2,59.1,60.2,20.3,55.6,-9.0,89.3,81.7,104.5,67.0,2.2,1.3,3.5,5.0,53.0,56.1,20.4
2003-09-30,99.557,50.8,52.4,57.6,53.6,21.0,62.9,-9.0,87.7,77.0,101.9,67.0,2.3,1.2,3.5,4.0,56.0,59.5,26.7
2003-10-31,99.97,52.2,55.2,58.7,54.5,28.1,51.2,2.0,89.6,81.7,104.0,69.0,2.0,1.3,3.4,7.0,58.5,57.2,31.6
2003-11-30,100.3549,50.0,58.4,57.5,61.9,26.9,56.1,2.0,93.7,92.5,105.0,68.0,1.8,1.1,3.4,8.0,64.0,58.5,33.7
2003-12-31,100.6775,50.6,60.1,56.8,61.4,26.5,49.9,13.0,92.6,94.8,106.9,69.0,1.9,1.1,4.0,9.0,66.0,61.1,36.7
2004-01-31,100.9205,55.0,60.8,61.2,64.9,36.1,49.4,5.0,103.8,97.7,105.7,68.0,1.9,1.1,3.3,10.0,75.5,62.2,49.4
2004-02-29,101.0657,52.0,59.9,58.0,64.0,28.0,56.1,13.0,94.4,88.5,102.8,66.0,1.7,1.2,2.1,16.0,81.5,59.5,46.8
2004-03-31,101.1332,64.2,60.6,58.3,57.5,29.6,35.9,27.0,95.8,88.5,103.1,66.0,1.7,1.6,1.5,19.0,86.0,65.0,54.0
2004-04-30,101.1354,62.8,60.6,59.6,63.9,32.2,41.1,12.0,94.2,93.0,105.0,69.0,2.3,1.8,3.7,21.0,88.0,68.6,46.7
2004-05-31,101.0926,67.0,61.4,58.5,65.7,29.1,41.9,16.0,90.2,93.1,104.1,69.0,3.1,1.7,4.9,23.0,86.0,71.0,39.4
2004-06-30,101.0146,61.8,60.5,58.6,60.4,30.6,39.1,10.0,95.6,102.8,103.5,68.0,3.3,1.9,4.0,26.0,81.0,74.2,43.6
2004-07-31,100.9073,51.6,59.9,58.5,63.3,34.7,35.6,2.0,96.7,105.7,106.2,67.0,3.0,1.8,3.8,18.0,77.0,71.9,45.8
2004-08-31,100.7872,53.8,58.5,57.3,59.7,25.1,44.2,9.0,95.9,98.7,102.7,70.0,2.7,1.7,3.3,21.0,81.5,70.9,47.2
2004-09-30,100.6818,57.0,57.4,57.9,62.7,19.7,40.8,5.0,94.2,96.7,104.4,67.0,2.5,2.0,3.3,19.0,76.0,67.0,47.8
2004-10-31,100.61,59.0,56.3,58.8,67.0,26.8,39.0,3.0,91.7,92.9,103.9,69.0,3.2,2.0,4.5,19.0,78.5,72.8,50.0
2004-11-30,100.5809,49.4,56.2,58.4,63.5,19.2,51.8,0.0,92.8,92.6,107.4,70.0,3.5,2.2,5.0,19.0,74.0,70.6,53.0
2004-12-31,100.5672,52.0,57.2,59.6,61.2,25.5,42.3,5.0,97.1,102.7,106.1,71.0,3.3,2.2,4.2,18.0,72.0,71.3,58.6
2005-01-31,100.5324,55.4,56.8,58.0,63.0,13.3,36.2,5.0,95.5,105.1,103.5,70.0,3.0,2.3,4.1,20.0,69.0,69.1,48.9
2005-02-28,100.4693,62.4,55.5,59.4,65.3,21.3,31.4,10.0,94.1,104.4,103.8,69.0,3.0,2.4,4.7,22.0,65.5,69.7,60.5
2005-03-31,100.3895,58.6,55.2,58.0,65.2,15.1,37.1,3.0,92.6,103.0,103.0,70.0,3.1,2.3,5.0,25.0,73.0,65.6,47.0
2005-04-30,100.3298,57.8,52.2,55.6,65.4,25.3,32.9,2.0,87.7,97.5,99.5,67.0,3.5,2.2,4.8,22.0,71.0,62.4,48.9
2005-05-31,100.3162,58.4,50.8,55.3,53.3,9.3,19.6,14.0,86.9,103.1,100.4,70.0,2.8,2.2,3.6,21.0,58.0,57.6,33.6
2005-06-30,100.3464,57.4,52.4,58.1,57.1,-1.3,36.8,3.0,96.0,106.2,101.3,72.0,2.5,2.0,3.7,22.0,50.5,58.4,29.6
2005-07-31,100.3946,62.0,52.8,59.5,62.1,8.0,24.3,-10.0,96.5,103.6,101.4,70.0,3.2,2.1,4.7,18.0,48.5,65.8,42.0
2005-08-31,100.4641,64.8,52.4,61.3,52.1,11.3,25.9,3.0,89.1,105.5,100.7,67.0,3.6,2.1,5.3,18.0,62.5,66.1,42.5
2005-09-30,100.5693,54.2,56.8,55.7,58.0,7.1,12.8,2.0,76.9,87.5,100.0,65.0,4.7,2.0,6.9,25.0,78.0,83.5,67.3
2005-10-31,100.7226,55.2,57.2,57.4,62.1,4.8,24.2,4.0,74.2,85.2,103.7,68.0,4.3,2.1,5.9,21.0,84.0,79.2,21.4
2005-11-30,100.9088,61.6,56.7,59.1,61.5,10.3,35.9,2.0,81.6,98.3,100.9,61.0,3.5,2.1,4.4,27.0,74.0,72.6,57.6
2005-12-31,101.0869,57.8,55.1,59.0,60.3,12.9,44.5,-3.0,91.5,103.8,101.3,57.0,3.4,2.2,5.4,21.0,63.0,68.9,44.5
2006-01-31,101.2242,63.8,55.0,56.3,60.4,5.4,39.0,6.0,91.2,106.8,100.9,57.0,4.0,2.1,5.6,21.0,65.0,69.9,38.7
2006-02-28,101.3102,66.0,55.8,57.6,58.8,15.3,37.0,1.0,86.7,102.7,101.6,56.0,3.6,2.1,3.9,26.0,62.5,67.8,38.2
2006-03-31,101.3395,69.2,54.3,56.9,59.2,14.7,34.9,14.0,88.9,107.5,98.5,54.0,3.4,2.1,3.6,17.0,66.5,60.1,36.7
2006-04-30,101.309,59.2,55.2,58.4,58.4,14.2,35.8,8.0,87.4,109.8,99.7,51.0,3.5,2.3,4.1,25.0,71.5,68.5,44.0
2006-05-31,101.2443,52.2,53.7,57.0,58.4,13.7,23.6,-4.0,79.1,104.7,98.1,46.0,4.2,2.4,4.5,23.0,77.0,70.5,55.2
2006-06-30,101.1857,52.6,52.0,55.2,57.0,11.7,13.0,-3.0,84.9,105.4,97.2,42.0,4.3,2.6,4.9,20.0,76.5,69.0,45.3
2006-07-31,101.153,57.0,53.0,55.6,58.1,4.0,18.0,5.0,84.7,107.0,98.4,39.0,4.1,2.7,4.0,21.0,78.5,70.6,40.5
2006-08-31,101.1679,53.6,53.7,53.9,56.9,12.5,15.8,-2.0,82.0,100.2,95.7,33.0,3.8,2.8,3.8,22.0,73.0,72.2,43.4
2006-09-30,101.2365,53.2,52.2,54.5,58.7,-0.8,7.3,4.0,85.4,105.9,99.4,30.0,2.1,2.9,0.9,20.0,61.0,60.6,33.8
2006-10-31,101.3376,55.4,51.4,54.9,53.7,2.3,24.8,-2.0,93.6,105.1,100.7,31.0,1.3,2.7,-1.2,15.0,47.0,56.5,36.1
2006-11-30,101.4566,59.2,50.3,54.5,50.5,4.5,20.5,3.0,92.1,105.3,99.5,33.0,2.0,2.6,0.9,18.0,53.5,56.7,37.7
2006-12-31,101.5831,56.4,51.4,53.7,51.6,-1.8,24.1,-3.0,91.7,110.0,96.5,33.0,2.5,2.6,1.1,11.0,47.5,60.5,39.3
2007-01-31,101.7047,64.0,50.4,55.4,50.9,7.5,26.3,-8.0,96.9,110.2,98.7,35.0,2.1,2.7,0.1,15.0,53.6,57.5,31.7
2007-02-28,101.8221,58.4,54.1,54.2,50.4,3.5,27.4,-5.0,91.3,111.2,98.3,39.0,2.4,2.7,2.4,16.0,62.5,57.0,31.9
2007-03-31,101.9426,56.6,52.8,52.1,58.8,2.8,28.6,-11.0,88.4,108.2,97.8,36.0,2.8,2.5,3.1,15.0,65.5,64.2,30.7
2007-04-30,102.0565,53.4,52.7,53.4,54.5,2.9,23.3,-9.0,87.1,106.3,96.4,33.0,2.6,2.3,3.2,17.0,73.0,63.2,33.0
2007-05-31,102.1427,56.4,53.1,54.3,60.6,3.7,25.4,-11.0,88.3,108.5,96.8,30.0,2.7,2.2,3.9,14.0,72.6,62.8,37.6
2007-06-30,102.1867,52.0,54.0,54.9,59.6,17.3,19.2,-4.0,85.3,105.3,96.4,28.0,2.7,2.2,3.3,16.0,67.1,61.6,31.3
2007-07-31,102.172,48.2,51.8,53.6,54.1,6.8,37.4,2.0,90.4,111.9,97.9,24.0,2.4,2.2,4.2,17.0,67.4,59.7,37.0
2007-08-31,102.0953,43.8,52.2,52.7,52.1,-0.5,35.5,1.0,83.4,105.6,96.2,22.0,2.0,2.1,2.3,13.0,62.9,60.0,39.2
2007-09-30,101.9848,55.2,53.8,52.6,52.9,7.5,37.8,3.0,83.4,99.5,97.2,20.0,2.8,2.1,4.4,9.0,60.4,66.7,43.2
2007-10-31,101.8615,53.6,52.8,53.6,50.3,7.8,36.5,4.0,80.9,95.2,96.1,19.0,3.5,2.2,6.1,14.0,63.9,66.2,52.5
2007-11-30,101.731,55.8,51.5,52.8,52.7,6.6,27.7,-2.0,76.1,87.8,94.2,19.0,4.3,2.3,7.3,15.0,72.0,75.3,54.6
2007-12-31,101.6055,54.6,50.1,52.5,55.8,-5.4,24.3,-2.0,75.5,90.6,94.5,18.0,4.1,2.4,6.2,19.0,65.7,72.0,48.5
2008-01-31,101.4743,53.2,50.9,44.8,50.9,-18.3,15.0,-1.0,78.4,87.3,91.6,19.0,4.3,2.5,7.4,11.0,76.2,71.6,59.6
2008-02-29,101.3234,49.0,48.8,49.9,47.2,-20.2,-4.9,-11.0,70.8,76.4,93.0,20.0,4.0,2.3,6.5,16.0,75.7,71.7,39.6
2008-03-31,101.1528,49.0,49.7,49.4,50.3,-14.9,15.6,-6.0,69.5,65.9,90.1,20.0,4.0,2.4,6.7,18.0,83.1,72.7,62.9
2008-04-30,100.9409,42.8,48.5,51.9,48.1,-21.3,16.1,-10.0,62.6,62.8,91.2,20.0,3.9,2.3,6.4,19.0,83.9,71.9,55.3
2008-05-31,100.6563,39.0,48.9,51.5,49.9,-16.1,32.7,-11.0,59.8,58.1,88.9,19.0,4.2,2.3,7.3,21.0,88.1,75.2,51.6
2008-06-30,100.261,34.0,49.9,48.1,49.8,-16.8,19.9,-8.0,56.4,51.0,89.7,18.0,5.0,2.4,9.1,26.0,91.4,79.6,65.2
2008-07-31,99.7208,35.4,50.8,50.1,50.5,-16.2,20.7,-12.0,61.2,51.9,88.5,16.0,5.6,2.5,9.9,30.0,90.4,77.4,63.3
2008-08-31,99.02,33.2,50.1,50.6,56.1,-17.6,33.6,-16.0,63.0,58.5,91.0,16.0,5.4,2.5,9.7,26.0,76.5,72.4,52.3
2008-09-30,98.1724,28.4,47.2,49.4,56.2,2.1,34.5,-22.0,70.3,61.4,92.8,17.0,4.9,2.5,8.8,20.0,55.1,71.9,38.9
2008-10-31,97.2403,32.6,38.2,44.7,37.4,-37.8,-6.0,-30.0,57.6,38.8,87.4,14.0,3.7,2.2,5.2,14.0,39.8,53.9,18.1
2008-11-30,96.3483,26.0,39.0,37.8,33.6,-40.9,-2.3,-35.0,55.3,44.7,87.5,9.0,1.1,2.0,0.4,1.0,28.4,37.4,-0.4
2008-12-31,95.5986,21.4,34.5,40.0,32.5,-37.6,5.3,-34.0,60.1,38.6,85.1,9.0,0.1,1.8,-0.9,-3.0,17.1,36.1,-20.4
2009-01-31,95.0556,23.6,36.4,43.0,33.0,-31.1,13.2,-35.0,61.2,37.4,83.9,8.0,0.0,1.7,-0.9,-12.0,29.0,41.7,0.2
2009-02-28,94.757,18.4,36.6,41.6,33.2,-39.3,19.7,-45.0,56.3,25.3,82.7,9.0,0.2,1.8,-1.4,-21.0,29.9,48.6,3.2
2009-03-31,94.7209,16.2,37.2,40.1,33.1,-34.7,14.1,-29.0,57.3,26.9,81.6,9.0,-0.4,1.8,-3.4,-23.0,31.6,40.0,-8.4
2009-04-30,94.9366,16.0,39.9,43.7,38.9,-25.2,31.2,-29.0,65.1,40.8,86.5,14.0,-0.7,1.9,-3.5,-25.0,31.4,39.9,4.6
2009-05-31,95.3342,28.8,44.1,44.4,37.5,-22.4,40.5,-14.0,68.7,54.8,88.4,16.0,-1.3,1.8,-4.8,-24.0,45.0,47.1,16.8
2009-06-30,95.8413,27.4,46.3,46.4,40.9,0.2,52.3,-8.0,70.8,49.3,88.3,15.0,-1.4,1.7,-4.4,-20.0,47.9,52.9,21.5
2009-07-31,96.3948,26.4,49.7,47.1,43.6,-6.6,45.9,-4.0,66.0,47.4,86.8,17.0,-2.1,1.5,-6.9,-21.0,52.8,41.5,24.4
2009-08-31,96.9536,33.8,53.4,48.9,49.6,8.8,46.8,10.0,65.7,54.5,88.4,18.0,-1.5,1.4,-4.4,-20.0,62.3,60.8,28.2
2009-09-30,97.4868,38.2,54.9,50.1,46.7,15.0,47.9,0.0,73.5,53.4,88.7,19.0,-1.3,1.5,-4.9,-21.0,63.3,49.6,40.4
2009-10-31,97.9759,28.0,57.6,51.0,53.9,12.7,40.0,6.0,70.6,48.7,89.1,17.0,-0.2,1.7,-2.0,-18.0,64.3,53.5,34.8
2009-11-30,98.4235,41.6,55.4,49.5,55.3,15.4,40.7,7.0,67.4,50.6,88.0,17.0,1.8,1.7,2.2,-16.0,55.4,58.9,35.7
2009-12-31,98.8347,38.6,55.8,49.7,55.3,16.6,30.5,6.0,72.5,53.6,88.0,16.0,2.7,1.8,4.3,-19.0,63.8,58.9,27.1
2010-01-31,99.1893,43.6,56.3,50.0,59.0,12.9,41.6,9.0,74.4,56.5,89.1,15.0,2.6,1.6,4.5,-15.0,68.0,59.4,40.5
2010-02-28,99.4521,47.2,55.5,51.7,57.3,13.9,40.2,9.0,73.6,46.4,88.2,17.0,2.1,1.3,4.1,-18.0,65.1,58.7,46.0
2010-03-31,99.6266,55.4,58.8,53.3,59.0,14.2,43.3,7.0,73.6,52.3,87.3,15.0,2.3,1.1,5.9,-20.0,75.2,60.9,47.6
2010-04-30,99.6961,63.0,58.1,55.3,60.9,16.0,45.6,26.0,72.2,57.7,90.2,19.0,2.2,0.9,5.4,-12.0,78.0,63.8,48.1
2010-05-31,99.6709,55.4,57.4,55.5,63.8,22.2,49.2,14.0,73.6,62.7,91.8,22.0,2.0,0.9,5.1,-17.0,77.0,60.8,34.4
2010-06-30,99.5909,55.2,56.5,54.4,61.8,14.9,33.9,9.0,76.0,54.3,89.5,16.0,1.1,0.9,2.7,-16.0,54.9,56.7,38.3
2010-07-31,99.5214,55.0,56.1,54.6,64.2,7.7,23.4,8.0,67.8,51.0,88.4,14.0,1.2,0.9,4.1,-13.0,55.6,56.1,34.6
2010-08-31,99.514,58.0,56.4,52.4,59.9,3.7,32.6,4.0,68.9,53.2,88.6,13.0,1.1,0.9,3.3,-9.0,61.8,59.2,38.3
2010-09-30,99.5814,53.0,55.3,53.3,61.9,4.3,22.0,2.0,68.2,48.6,89.0,13.0,1.1,0.8,3.9,-11.0,69.8,59.5,26.2
2010-10-31,99.7113,60.4,56.9,55.3,61.6,0.3,43.5,11.0,67.7,49.9,91.6,15.0,1.2,0.6,4.3,-6.0,73.8,68.2,45.9
2010-11-30,99.8942,56.4,57.3,56.4,61.4,19.2,39.6,13.0,71.6,57.8,93.0,16.0,1.1,0.8,3.4,-3.0,69.0,65.6,52.5
2010-12-31,100.0893,56.8,56.6,56.9,64.5,15.5,43.1,23.0,74.5,63.4,92.5,16.0,1.5,0.8,3.8,-2.0,73.3,69.3,56.3
2011-01-31,100.2546,55.8,59.1,57.6,65.9,16.5,35.9,14.0,74.2,64.8,93.9,16.0,1.6,1.0,3.7,-1.0,79.6,70.0,58.8
2011-02-28,100.3539,69.4,59.2,58.0,64.7,28.9,38.7,12.0,77.5,72.0,94.7,16.0,2.1,1.1,5.5,8.0,80.2,70.9,68.1
2011-03-31,100.3509,63.2,58.4,55.8,68.5,36.4,55.5,15.0,67.5,63.8,92.4,17.0,2.7,1.2,5.7,9.0,82.3,70.9,61.6
2011-04-30,100.2435,67.0,57.9,55.2,66.1,12.9,30.9,4.0,69.8,66.0,90.9,16.0,3.2,1.3,6.7,11.0,82.6,71.0,56.4
2011-05-31,100.0433,60.0,54.8,55.0,58.6,6.2,25.3,-1.0,74.3,61.7,90.5,16.0,3.6,1.5,7.1,13.0,77.9,70.3,54.8
2011-06-30,99.7724,62.2,55.8,54.2,63.6,-0.4,8.6,5.0,71.5,57.6,91.2,13.0,3.6,1.6,7.0,7.0,70.3,62.4,40.7
2011-07-31,99.4814,63.2,52.9,53.5,61.9,7.1,32.2,6.0,63.7,59.2,90.2,15.0,3.6,1.8,7.2,5.0,59.1,60.7,48.3
2011-08-31,99.2354,63.6,52.6,53.5,59.1,-19.4,26.6,1.0,55.8,45.2,87.9,15.0,3.8,2.0,6.6,1.0,57.5,61.3,42.7
2011-09-30,99.1059,64.2,53.7,52.3,62.5,-11.0,19.6,-1.0,59.5,46.4,88.9,14.0,3.9,2.0,7.1,6.0,57.0,60.9,38.3
2011-10-31,99.124,61.8,51.4,52.8,59.3,6.2,28.6,-1.0,60.8,40.9,90.2,17.0,3.5,2.1,5.9,-2.0,41.4,57.7,41.4
2011-11-30,99.2696,55.6,51.8,52.9,61.1,4.1,36.2,-3.0,63.7,55.2,91.8,19.0,3.4,2.2,5.7,1.0,48.1,63.4,34.5
2011-12-31,99.4895,64.8,53.0,52.6,61.5,2.4,38.6,-5.0,69.9,64.8,93.7,21.0,3.0,2.2,4.7,3.0,45.4,62.2,42.8
2012-01-31,99.7103,70.8,54.2,57.3,57.4,7.5,43.5,7.0,75.0,61.5,93.7,25.0,2.9,2.3,4.1,2.0,53.5,63.8,47.9
2012-02-29,99.8672,64.2,53.3,55.9,61.7,10.4,32.2,7.0,75.3,71.6,94.5,28.0,2.9,2.2,3.4,4.0,60.1,65.4,51.0
2012-03-31,99.9313,64.4,53.5,55.6,61.6,8.8,37.1,4.0,76.2,69.5,93.1,28.0,2.7,2.3,2.7,6.0,62.3,63.7,38.7
2012-04-30,99.908,57.6,55.2,55.3,57.6,5.6,42.4,12.0,76.4,68.7,94.2,24.0,2.3,2.3,1.8,7.0,61.0,58.7,37.1
2012-05-31,99.8196,59.2,53.2,55.1,53.0,-0.8,35.5,7.0,79.3,64.4,94.0,28.0,1.7,2.3,0.6,1.0,47.2,54.0,40.4
2012-06-30,99.7057,54.8,49.5,53.6,55.2,-12.5,34.4,-1.0,73.2,62.7,91.9,29.0,1.7,2.2,0.7,0.0,35.7,48.5,32.8
2012-07-31,99.6183,57.0,49.6,52.1,54.8,-12.7,25.6,-7.0,72.3,65.4,91.5,35.0,1.4,2.1,0.5,6.0,39.4,52.8,27.3
2012-08-31,99.5822,59.2,49.0,52.1,54.1,-2.5,25.6,-6.0,74.3,61.3,92.7,37.0,1.7,1.9,1.9,9.0,54.4,62.1,35.0
2012-09-30,99.6101,62.0,50.8,53.8,51.9,-0.1,42.8,5.0,78.3,68.4,92.7,40.0,2.0,2.0,2.1,6.0,60.0,65.0,38.4
2012-10-31,99.678,60.2,50.5,54.3,48.1,-1.1,20.8,-1.0,82.6,73.1,93.0,41.0,2.2,2.0,2.3,4.0,55.5,60.9,44.3
2012-11-30,99.7695,58.6,48.0,53.9,48.7,-10.4,22.5,1.0,82.7,71.5,87.2,45.0,1.8,1.9,1.4,1.0,52.1,58.3,45.8
2012-12-31,99.8896,63.2,50.1,55.7,51.3,2.5,29.0,1.0,72.9,66.7,88.0,47.0,1.7,1.9,1.4,3.0,54.0,58.3,41.9
2013-01-31,100.031,64.4,53.3,55.9,53.5,-1.4,31.9,-14.0,73.8,58.4,88.8,47.0,1.6,1.9,1.5,5.0,56.9,60.0,35.1
2013-02-28,100.1787,62.4,54.2,56.6,55.9,-5.3,38.9,2.0,77.6,68.0,90.9,46.0,2.0,2.0,1.8,5.0,62.2,59.9,34.9
2013-03-31,100.3069,58.0,51.9,55.9,55.3,2.0,38.0,2.0,78.6,61.9,90.0,44.0,1.5,1.9,1.1,-1.0,53.7,55.6,35.2
2013-04-30,100.4279,56.4,51.0,54.3,50.3,0.3,34.4,-7.0,76.4,69.0,91.7,41.0,1.1,1.7,0.5,2.0,48.5,53.8,31.3
2013-05-31,100.5467,58.0,50.8,54.8,57.4,0.2,42.2,-3.0,84.5,74.3,94.0,44.0,1.4,1.7,1.6,0.0,49.9,53.0,35.4
2013-06-30,100.6403,59.8,51.1,53.6,53.2,12.7,40.2,6.0,84.1,82.1,94.0,51.0,1.8,1.6,2.3,5.0,50.7,53.7,29.6
2013-07-31,100.6951,55.8,53.8,55.2,52.2,15.9,52.4,-1.0,85.1,81.0,94.4,56.0,2.0,1.7,2.1,2.0,48.4,55.3,40.2
2013-08-31,100.7228,63.4,54.0,55.3,53.6,8.3,38.8,8.0,82.1,81.8,94.0,58.0,1.5,1.8,1.2,2.0,52.8,53.5,34.2
2013-09-30,100.7324,63.6,54.6,53.6,56.7,20.3,51.6,1.0,77.5,80.2,93.8,57.0,1.2,1.7,0.2,1.0,57.4,56.4,37.4
2013-10-31,100.7327,60.4,54.6,53.9,61.7,13.6,61.1,2.0,73.2,72.4,91.5,54.0,1.0,1.7,0.3,4.0,55.0,56.2,41.8
2013-11-30,100.7324,69.6,55.5,53.1,62.2,4.8,46.0,10.0,75.1,72.0,92.2,54.0,1.2,1.7,0.8,3.0,51.7,53.2,40.9
2013-12-31,100.7219,59.0,56.5,53.5,59.7,3.9,44.6,13.0,82.5,77.5,93.8,57.0,1.5,1.7,1.4,2.0,51.7,56.9,40.0
2014-01-31,100.706,61.4,52.5,55.2,58.9,15.3,40.6,6.0,81.2,79.4,94.0,56.0,1.6,1.6,1.6,5.0,60.3,60.0,37.6
2014-02-28,100.7171,61.6,55.0,53.4,61.7,2.2,39.5,-3.0,81.6,78.3,91.6,46.0,1.1,1.6,1.3,4.0,59.8,56.4,28.8
2014-03-31,100.7581,68.4,55.9,54.9,60.9,12.5,38.6,-3.0,80.0,83.9,94.0,46.0,1.5,1.7,1.8,9.0,59.0,58.1,33.2
2014-04-30,100.8115,66.6,56.6,55.7,64.0,16.7,38.7,6.0,84.1,81.7,94.8,46.0,2.0,1.8,3.1,11.0,55.9,61.0,38.6
2014-05-31,100.8614,64.6,55.7,56.0,66.3,18.4,42.6,7.0,81.9,82.2,96.2,45.0,2.1,2.0,2.5,10.0,58.7,58.5,39.2
2014-06-30,100.9026,66.2,55.0,56.8,62.8,14.1,55.6,6.0,82.5,86.4,95.4,49.0,2.1,1.9,2.8,11.0,57.0,58.6,42.2
2014-07-31,100.9263,65.0,55.1,56.9,51.8,21.4,48.9,5.0,81.8,90.3,96.0,53.0,2.0,1.9,2.9,12.0,60.1,58.1,36.6
2014-08-31,100.9355,66.4,56.3,58.0,63.4,23.0,51.2,11.0,82.5,93.4,95.9,55.0,1.7,1.7,2.3,6.0,56.9,57.7,45.1
2014-09-30,100.9307,62.6,55.7,57.3,61.0,21.6,44.7,17.0,84.6,89.0,95.3,59.0,1.7,1.7,2.2,4.0,58.7,55.1,39.2
2014-10-31,100.9032,71.0,56.2,55.8,60.3,18.3,49.1,21.0,86.9,94.1,96.0,54.0,1.7,1.8,1.8,7.0,52.7,52.0,31.4
2014-11-30,100.8542,69.4,56.3,58.2,60.0,35.9,44.2,4.0,88.8,91.0,97.8,58.0,1.3,1.7,1.1,5.0,44.4,54.5,32.6
2014-12-31,100.7782,62.6,55.7,57.2,57.3,21.7,43.9,6.0,93.6,93.1,100.3,58.0,0.8,1.6,-0.6,7.0,37.8,51.1,25.1
2015-01-31,100.681,55.4,53.9,56.2,58.8,13.3,46.7,3.0,98.1,103.8,97.7,57.0,-0.1,1.6,-3.0,6.0,35.1,47.3,30.9
2015-02-28,100.5743,66.0,53.0,57.6,48.4,10.3,46.1,-2.0,95.4,98.8,98.1,55.0,0.0,1.7,-3.2,3.0,35.2,50.9,34.3
2015-03-31,100.4678,53.8,52.1,58.4,49.2,7.2,37.6,-3.0,93.0,101.4,95.7,52.0,-0.1,1.8,-3.3,2.0,40.1,53.6,29.2
2015-04-30,100.3649,62.0,51.9,57.5,54.3,9.3,33.7,-7.0,95.9,94.3,96.5,56.0,-0.2,1.8,-4.5,1.0,41.6,50.4,20.2
2015-05-31,100.2568,65.8,52.9,56.7,49.8,5.8,35.2,3.0,90.7,94.6,97.9,54.0,0.0,1.7,-2.9,4.0,49.0,53.7,24.1
2015-06-30,100.1387,59.0,52.5,55.7,47.7,8.1,48.0,10.0,96.1,99.8,94.6,60.0,0.1,1.8,-2.6,2.0,49.7,52.3,39.0
2015-07-31,99.9815,60.6,52.0,60.1,52.6,4.6,45.7,8.0,93.1,91.0,95.7,60.0,0.2,1.8,-2.8,3.0,45.1,52.5,33.9
2015-08-31,99.7972,55.2,50.2,58.6,53.4,6.0,39.2,3.0,91.9,101.3,95.7,61.0,0.2,1.8,-3.1,1.0,38.8,51.1,35.4
2015-09-30,99.6154,55.0,50.1,56.1,48.0,-3.6,41.6,-1.0,87.2,102.6,96.0,61.0,0.0,1.9,-4.1,1.0,37.6,48.4,25.9
2015-10-31,99.4633,57.8,49.1,56.9,53.0,-4.6,36.5,4.0,90.0,99.1,96.0,65.0,0.2,1.9,-4.0,1.0,39.8,48.3,18.1
2015-11-30,99.3352,57.8,49.1,56.1,47.0,-3.1,44.1,1.0,91.3,92.6,94.5,62.0,0.5,2.0,-3.3,4.0,35.7,48.8,23.1
2015-12-31,99.2201,59.0,48.7,55.3,42.0,-8.9,29.6,5.0,92.6,96.3,95.2,60.0,0.7,2.1,-2.7,-1.0,33.9,50.6,23.6
2016-01-31,99.1233,59.6,47.6,53.8,55.6,-4.1,20.7,3.0,92.0,97.8,93.9,61.0,1.4,2.2,-1.2,-4.0,33.9,47.0,20.0
2016-02-29,99.0579,58.0,49.2,52.8,49.3,-7.3,19.8,-9.0,91.7,94.0,92.9,58.0,1.0,2.3,-2.0,-4.0,38.3,45.9,12.7
2016-03-31,99.034,58.0,51.0,55.4,53.7,8.6,35.2,16.0,91.0,96.1,92.6,58.0,0.9,2.2,-2.3,-4.0,52.1,50.6,21.9
2016-04-30,99.0356,58.2,51.3,55.2,51.8,-2.0,43.8,8.0,89.0,94.7,93.6,58.0,1.1,2.1,-1.5,-1.0,57.9,53.9,35.9
2016-05-31,99.0475,49.6,51.4,54.1,50.4,-5.4,40.4,2.0,94.7,92.4,93.8,58.0,1.0,2.2,-2.2,1.0,61.4,55.0,25.5
2016-06-30,99.0571,61.4,52.2,55.8,54.1,4.3,38.4,-7.0,93.5,97.4,94.5,60.0,1.0,2.2,-2.0,2.0,59.8,55.9,36.2
2016-07-31,99.0751,60.2,52.7,56.2,54.7,1.7,36.5,6.0,90.0,96.7,94.6,58.0,0.8,2.2,-2.0,-2.0,54.9,52.6,28.6
2016-08-31,99.1162,61.6,49.8,52.6,51.9,5.8,42.6,-5.0,89.8,101.8,94.4,59.0,1.1,2.3,-1.9,3.0,53.6,52.0,32.7
2016-09-30,99.1936,62.8,51.1,55.4,54.3,12.7,37.9,-7.0,91.2,103.5,94.1,65.0,1.5,2.2,-0.1,-1.0,53.1,52.8,41.5
2016-10-31,99.3087,60.4,51.8,54.3,51.6,11.3,40.4,2.0,87.2,100.8,94.9,63.0,1.6,2.1,0.7,2.0,54.8,54.8,42.2
2016-11-30,99.4455,54.0,53.2,56.4,56.5,10.8,35.2,3.0,93.8,109.4,98.4,63.0,1.7,2.1,0.4,5.0,53.5,54.6,38.2
2016-12-31,99.5845,64.2,54.4,55.8,52.8,22.7,44.1,8.0,98.2,113.3,105.8,69.0,2.1,2.2,1.9,6.0,64.2,56.3,43.6
2017-01-31,99.6978,60.2,55.7,57.0,51.4,24.5,51.3,14.0,98.5,111.6,105.9,67.0,2.5,2.3,2.9,5.0,67.9,57.2,49.3
2017-02-28,99.7753,60.0,57.7,56.6,56.8,38.4,48.8,15.0,96.3,116.1,105.3,65.0,2.7,2.2,3.8,6.0,66.9,57.9,46.6
2017-03-31,99.8211,62.0,56.5,56.2,58.3,30.3,58.0,18.0,96.9,124.9,104.7,71.0,2.4,2.0,3.8,5.0,68.8,54.4,50.7
2017-04-30,99.8471,61.4,55.8,57.2,60.3,21.7,55.9,19.0,97.0,119.4,104.5,68.0,2.2,1.9,4.0,7.0,68.3,58.3,35.1
2017-05-31,99.8714,62.0,56.4,57.4,59.3,33.8,49.2,4.0,97.1,117.6,104.5,69.0,1.9,1.7,2.8,7.0,59.5,49.6,43.4
2017-06-30,99.906,60.8,56.2,56.8,63.5,28.4,40.7,12.0,95.1,117.3,103.6,66.0,1.6,1.7,2.1,1.0,53.0,53.6,43.1
2017-07-31,99.9516,63.4,56.5,55.4,59.6,22.8,47.7,12.0,93.4,120.0,105.2,64.0,1.7,1.7,2.1,8.0,61.7,56.3,49.1
2017-08-31,100.0295,58.4,58.4,55.8,59.2,21.3,50.2,14.0,96.8,120.4,105.3,67.0,1.9,1.7,3.0,9.0,61.7,58.0,38.5
2017-09-30,100.1305,57.4,60.0,58.1,65.4,24.7,57.6,18.0,95.1,120.6,103.0,64.0,2.2,1.7,3.3,6.0,71.5,64.7,48.4
2017-10-31,100.2403,55.4,58.6,60.4,66.8,28.2,44.2,15.0,100.7,126.2,103.8,68.0,2.0,1.8,2.9,8.0,68.1,61.1,60.8
2017-11-30,100.3436,57.2,57.6,57.1,62.7,25.5,49.7,27.0,98.5,128.6,107.5,69.0,2.2,1.7,4.2,10.0,64.8,59.2,55.2
2017-12-31,100.4409,61.8,59.7,56.3,65.7,29.5,52.7,21.0,95.9,123.1,104.9,74.0,2.1,1.8,3.2,8.0,68.3,61.2,54.3
2018-01-31,100.5422,64.4,59.4,60.0,66.6,22.0,46.7,17.0,95.7,124.3,106.9,72.0,2.1,1.8,2.9,11.0,72.7,61.7,56.0
2018-02-28,100.6405,67.8,60.9,58.5,60.6,28.6,49.0,22.0,99.7,130.0,107.6,71.0,2.2,1.8,2.7,13.0,74.2,62.4,63.3
2018-03-31,100.7084,66.6,58.8,58.2,58.9,21.1,48.5,12.0,101.4,127.0,104.7,70.0,2.4,2.1,3.0,16.0,78.1,61.5,58.0
2018-04-30,100.7362,63.4,58.6,57.6,59.3,22.2,42.1,3.0,98.8,125.6,104.8,68.0,2.5,2.1,2.4,14.0,79.3,62.3,65.7
2018-05-31,100.7308,70.2,59.0,58.0,61.9,32.1,42.5,18.0,98.0,128.8,107.8,70.0,2.8,2.2,4.1,19.0,79.5,63.9,60.8
2018-06-30,100.6973,66.0,59.9,58.5,64.4,22.1,42.5,21.0,98.2,127.1,107.2,68.0,2.9,2.3,4.1,14.0,76.8,61.1,63.2
2018-07-31,100.6361,54.4,58.1,57.5,66.0,24.7,34.8,22.0,97.9,127.9,107.9,68.0,2.9,2.4,4.3,16.0,73.2,63.4,61.5
2018-08-31,100.5497,63.2,60.5,59.5,63.0,10.8,37.2,23.0,96.2,134.7,108.8,67.0,2.7,2.2,3.7,17.0,72.1,62.3,61.3
2018-09-30,100.4244,60.8,59.3,60.4,61.6,22.4,34.1,28.0,100.1,135.3,107.9,67.0,2.3,2.2,3.2,15.0,66.9,62.8,50.6
2018-10-31,100.263,60.8,58.1,60.8,59.7,21.7,40.2,16.0,98.6,137.9,107.4,68.0,2.5,2.1,3.7,16.0,71.6,61.1,59.8
2018-11-30,100.0876,55.2,58.6,60.1,63.8,14.0,40.3,10.0,97.5,136.4,104.8,60.0,2.2,2.2,2.0,16.0,60.7,62.9,62.3
2018-12-31,99.9272,64.6,54.9,58.1,62.8,11.1,33.1,-2.0,98.3,126.6,104.4,56.0,1.9,2.2,1.3,17.0,54.9,59.1,58.7
2019-01-31,99.7961,66.8,55.7,56.5,59.3,13.2,29.8,0.0,91.2,121.7,101.2,58.0,1.6,2.2,0.4,15.0,49.6,59.1,40.9
2019-02-28,99.6962,55.2,54.4,59.1,62.4,-3.8,29.9,13.0,93.8,131.4,101.7,62.0,1.5,2.1,0.5,13.0,49.4,55.8,39.1
2019-03-31,99.6214,62.2,54.9,56.5,57.5,11.1,21.8,8.0,98.4,124.2,101.8,62.0,1.9,2.0,1.4,12.0,54.3,58.2,42.9
2019-04-30,99.5443,64.4,53.6,55.3,53.2,7.0,28.8,8.0,97.2,129.2,103.5,63.0,2.0,2.1,2.1,13.0,50.0,56.1,26.9
2019-05-31,99.4591,59.2,52.6,56.1,51.9,17.5,22.6,8.0,100.0,131.3,105.0,66.0,1.8,2.0,1.3,10.0,53.2,55.8,40.3
2019-06-30,99.371,59.8,51.5,55.2,50.5,2.2,35.1,3.0,98.2,124.3,103.3,64.0,1.6,2.1,0.5,17.0,47.9,58.2,31.3
2019-07-31,99.2863,53.2,51.0,54.4,46.0,21.6,48.1,-9.0,98.4,135.8,104.7,65.0,1.8,2.2,0.7,16.0,45.1,56.5,37.4
2019-08-31,99.2169,55.6,48.5,56.0,49.5,13.6,43.1,-2.0,89.8,134.2,103.1,67.0,1.7,2.4,0.3,11.0,46.0,58.0,39.8
2019-09-30,99.1925,57.4,48.1,53.2,47.3,13.7,32.0,-7.0,93.2,126.3,101.8,68.0,1.7,2.4,-0.1,8.0,49.7,59.5,46.1
2019-10-31,99.2048,56.6,48.1,54.8,43.7,7.9,38.9,4.0,95.5,126.1,102.4,71.0,1.8,2.3,-0.2,10.0,45.5,56.4,41.5
2019-11-30,99.2226,62.6,48.1,53.6,47.0,12.3,38.9,1.0,96.8,126.8,104.7,71.0,2.1,2.3,1.0,12.0,46.7,57.0,46.5
2019-12-31,99.2173,49.2,47.9,55.7,48.1,2.7,29.1,-2.0,99.3,128.2,102.7,76.0,2.3,2.3,1.7,14.0,51.7,59.8,48.5
2020-01-31,99.159,56.8,51.4,56.0,43.9,15.0,39.8,14.0,99.8,130.4,104.3,75.0,2.5,2.3,2.5,15.0,53.3,56.5,40.8
2020-02-29,99.0419,50.0,50.1,57.5,50.1,33.6,53.5,-4.0,101.0,132.6,104.5,74.0,2.3,2.4,1.3,11.0,45.9,52.5,30.3
2020-03-31,97.2369,22.4,49.0,52.9,47.4,-17.1,34.1,3.0,89.1,118.8,96.4,72.0,1.5,2.1,-1.5,6.0,37.4,50.4,13.4
2020-04-30,92.5948,3.8,41.8,41.7,34.9,-61.2,37.8,-55.0,71.8,85.7,90.9,30.0,0.3,1.4,-5.3,-18.0,35.3,55.1,19.4
2020-05-31,94.1165,63.4,43.5,45.4,31.5,-43.2,52.1,-27.0,72.3,85.9,94.4,37.0,0.1,1.2,-3.2,-14.0,40.8,55.1,19.4
2020-06-30,96.029,76.0,52.6,57.3,37.3,27.8,69.3,7.0,78.1,98.3,100.6,58.0,0.6,1.2,-2.3,-5.0,51.3,61.1,42.1
2020-07-31,97.5774,61.8,53.8,56.7,51.4,29.8,62.5,8.0,72.5,91.7,98.8,72.0,1.0,1.6,-2.0,-2.0,53.2,57.5,44.4
2020-08-31,98.2942,70.8,55.4,57.1,50.7,17.7,56.2,18.0,74.1,86.3,100.2,78.0,1.3,1.7,-1.6,1.0,59.5,64.2,38.7
2020-09-30,98.5914,72.6,55.5,57.1,62.7,16.7,54.3,23.0,80.4,101.3,104.0,83.0,1.4,1.7,-1.2,13.0,62.8,59.9,57.9
2020-10-31,98.9564,71.2,58.7,56.1,60.2,33.6,53.6,23.0,81.8,101.4,104.0,85.0,1.2,1.6,-1.2,15.0,65.5,62.8,48.1
2020-11-30,99.3581,63.6,57.3,56.1,59.3,30.4,50.1,16.0,76.9,92.9,101.4,90.0,1.2,1.6,-1.3,18.0,65.4,64.3,56.4
2020-12-31,99.7804,68.0,60.2,57.5,59.5,11.2,36.7,16.0,80.7,87.1,95.9,86.0,1.4,1.6,-0.8,16.0,77.6,65.7,49.8
2021-01-31,100.1594,59.2,59.3,58.7,64.5,27.9,42.3,13.0,79.0,87.1,95.0,83.0,1.4,1.4,0.4,17.0,82.1,65.1,42.9
2021-02-28,100.544,64.0,60.8,56.4,61.8,25.5,37.6,16.0,76.8,95.2,95.8,84.0,1.7,1.3,2.5,25.0,86.0,71.8,49.6
2021-03-31,100.8838,78.0,63.8,62.3,65.0,40.3,45.9,17.0,84.9,114.9,98.2,82.0,2.6,1.6,5.9,26.0,85.6,72.9,58.1
2021-04-30,101.1686,70.2,61.0,63.0,70.8,45.6,61.4,17.0,88.3,117.5,99.8,83.0,4.2,3.0,9.7,36.0,89.6,75.0,65.1
2021-05-31,101.2563,67.6,61.9,63.9,71.3,32.7,47.6,21.0,82.9,120.0,99.6,83.0,5.0,3.8,8.7,40.0,88.0,78.2,64.6
2021-06-30,101.2701,69.2,61.1,61.2,66.1,31.4,70.0,27.0,85.5,128.9,102.5,81.0,5.4,4.5,9.7,47.0,92.1,78.0,69.4
2021-07-31,101.2258,72.2,60.0,64.0,71.0,27.3,52.1,24.0,81.2,125.1,99.7,80.0,5.4,4.3,9.9,46.0,85.7,82.3,64.4
2021-08-31,101.1554,74.8,59.6,61.7,66.4,19.7,39.2,14.0,70.3,115.2,100.1,75.0,5.3,4.0,10.7,49.0,79.4,76.7,55.4
2021-09-30,101.0915,71.4,60.7,62.1,66.2,32.9,29.4,-1.0,72.8,109.8,99.1,76.0,5.4,4.0,11.8,46.0,81.2,80.6,54.6
2021-10-31,101.0351,74.4,60.4,66.6,68.3,25.3,28.2,12.0,71.7,111.6,98.2,80.0,6.2,4.6,12.7,53.0,85.7,83.2,70.0
2021-11-30,100.9759,78.6,60.8,67.6,64.2,41.4,30.0,14.0,67.4,111.9,98.4,83.0,6.8,4.9,13.3,59.0,82.4,83.0,71.2
2021-12-31,100.8911,78.8,58.6,61.7,64.5,15.5,19.3,14.0,70.6,115.2,98.9,84.0,7.0,5.5,12.3,57.0,68.2,84.5,57.2
2022-01-31,100.7638,66.6,57.6,60.4,65.4,20.8,26.9,6.0,67.2,111.1,97.1,83.0,7.5,6.0,12.7,58.0,76.1,82.9,75.1
2022-02-28,100.5933,84.6,58.4,57.2,58.7,12.7,24.4,3.0,62.8,105.7,95.7,81.0,7.9,6.4,13.7,64.0,75.6,83.2,57.7
2022-03-31,100.376,79.0,57.0,58.4,61.9,23.2,19.9,11.0,59.4,107.6,93.2,79.0,8.5,6.5,15.3,66.0,87.1,82.9,65.7
2022-04-30,100.115,68.8,55.9,57.5,56.3,13.1,6.1,7.0,65.2,108.6,93.2,77.0,8.3,6.2,15.7,63.0,84.6,83.2,63.5
2022-05-31,99.8166,70.6,56.1,56.4,58.5,3.5,13.3,-9.0,58.4,103.2,93.1,69.0,8.6,6.0,16.8,65.0,82.2,80.9,57.0
2022-06-30,99.5204,69.2,53.1,56.0,54.7,-2.8,-6.3,-9.0,50.0,98.4,89.5,67.0,9.1,5.9,18.3,63.0,78.5,79.1,56.4
2022-07-31,99.2715,72.2,52.7,56.4,51.4,-7.2,-5.6,0.0,51.5,95.3,89.9,55.0,8.5,5.9,15.3,56.0,60.0,73.2,46.5
2022-08-31,99.0805,62.0,52.9,56.1,51.9,6.3,-7.0,-8.0,58.2,103.6,91.8,49.0,8.3,6.3,12.8,53.0,52.5,72.3,48.5
2022-09-30,98.9288,63.4,51.0,55.9,46.4,-7.3,3.1,0.0,58.6,107.8,92.1,46.0,8.2,6.6,11.6,51.0,51.7,69.8,46.3
2022-10-31,98.8046,65.2,50.0,54.5,45.9,-7.1,-14.8,-10.0,59.9,102.2,91.3,38.0,7.7,6.3,11.2,50.0,46.6,70.9,33.5
2022-11-30,98.7066,63.4,49.0,55.5,37.9,-15.5,-2.8,-9.0,56.8,101.4,91.9,33.0,7.1,6.0,10.5,51.0,43.0,70.1,26.2
2022-12-31,98.6401,64.0,48.4,49.2,45.1,-13.7,8.5,1.0,59.7,109.0,89.8,31.0,6.5,5.7,8.9,43.0,39.4,68.1,42.7
2023-01-31,98.5933,64.6,47.4,55.2,44.3,-8.9,2.4,-11.0,64.9,106.0,90.3,35.0,6.4,5.6,8.8,42.0,44.5,67.8,25.7
2023-02-28,98.5451,57.4,47.7,55.1,43.6,-24.3,9.2,-16.0,67.0,103.4,90.9,42.0,6.0,5.5,6.4,38.0,51.3,65.6,17.9
2023-03-31,98.4858,60.2,46.3,51.2,43.8,-23.2,4.6,-5.0,62.0,104.2,90.1,44.0,5.0,5.6,3.2,37.0,49.2,59.5,26.8
